l_english:
 Tibet:0 "Ü-Tsang"
 Sichuan_Kham:0 "Sichuan"
 Amdo:0 "Qinghai"
 Far_East:0 "Northeast Asia"
 Cisalpine_Italy:0 "Lombardy & Piedmont"
 Central_Italy:0 "Central Italy"
 Southern_Italy:0 "Southern Italy"
 Emilia_Romagna_Marche:0 "Emilia-Romagna & Marche"
 Provence_Liguria:0 "the Riviera"
 Persian_Iraq:0 "Persian Iraq"
 Wales_Mercia:0 "Wales & Mercia"
 Leon-Castille:0 "Castile-Leon & Galicia"
 spare_state:0 "Spare State"
 Balochistan:0 "Balochistan"
 Santa_Fe:0 "Santa Fe"
 Tehran:0 "Tehran"
 Sanandaj:0 "Sanandaj"
 Kermanshah:0 "Kermanshah"
 Qazvin:0 "Qazvin"
 Isfahan:0 "Isfahan"
 Visiapour:0 "Visiapour"
 Semipalatinsk:0 "Semipalatinsk"
 Sankt-Petersburg:0 "Sankt-Petersburg"
 Grodno:0 "Grodno"
 Svealand:0 "Svealand"
 Kazan:0 "Kazan"
 Aggerhuus:0 "Aggerhuus"
 Primorye:0 "Primorye"
 Samara:0 "Samara"
 Livland:0 "Livland"
 Lombardy:0 "Lombardy"
 Bohmen:0 "Böhmen"
 Augustowskie:0 "Augustów"
 Piemonte:0 "Piemonte"
 Cyrenaica:0 "Cyrenaica"
 Guanwai:0 "Guanwai"
 Tyumen:0 "Tyumen"
 Astrakhan:0 "Astrakhan"
 Saratov:0 "Saratov"
 Bukhan:0 "Bukhan"
 Arakan:0 "Arakan"
 Amednagur:0 "Amednagur"
 Savoy:0 "Savoy"
 Salomon_Islands:0 "Salomon Islands"
 Tripolitania:0 "Tripolitania"
 British_Columbia:0 "British Columbia"
 Chugoku:0 "Chugoku"
 Heilongjiang:0 "Heilongjiang"
 Hinggan:0 "Hinggan"
 Pegu:0 "Pegu"
 Kutaisi:0 "Kutaisi"
 Krasnoyarsk:0 "Krasnoyarsk"
 Sudan:0 "Sudan"
 Orissa:0 "Orissa"
 Wyoming:0 "Wyoming"
 Dominicana:0 "Dominicana"
 South_Australia:0 "South Australia"
 Bengal:0 "Bengal"
 Chongqing:0 "Chongqing"
 Chengdu:0 "Chengdu"
 Shunqing:0 "Shunqing"
 Garze:0 "Garze"
 Ngawa:0 "Ngawa"
 Ya'an:0 "Ya'an"
 Liangshan:0 "Liangshan"
 Magadan:0 "Magadan"
 Northern_Territory:0 "Northern Territory"
 Tianshui:0 "Tianshui"
 Pingliang:0 "Pingliang"
 Qingyang:0 "Qingyang"
 Ningxia:0 "Ningxia"
 Jiuquan:0 "Jiuquan"
 Zhangye:0 "Zhangye"
 Wuwei:0 "Wuwei"
 Lanzhou:0 "Lanzhou"
 Amdo:0 "Qinghai"
 Nigeria:0 "Nigeria"
 Zulia:0 "Zulia"
 Utah:0 "Utah"
 Allahabad:0 "Allahabad"
 Ivory_Coast:0 "Ivory Coast"
 Costa_de_Peru:0 "Costa de Peru"
 Fars:0 "Fars"
 Bushehr:0 "Bushehr"
 Vologda:0 "Vologda"
 Magdalena:0 "Magdalena"
 Niger:0 "Niger"
 Sachsen-Anhalt:0 "Sachsen-Anhalt"
 Scottish_Lowlands:0 "Scottish Lowlands"
 Heligoland:0 "Heligoland"
 Kaschau:0 "Kaschau"
 Minsk:0 "Minsk"
 Abyssinia:0 "Abyssinia"
 Texas:0 "Texas"
 Yekaterinoslav:0 "Yekaterinoslav"
 Seville:0 "Sevilla"
 Orenburg:0 "Orenburg"
 Kustanay:0 "Kustanay"
 Scottish_Highlands:0 "Highlands"
 Rhone-Alpes:0 "Rhone-Alpes"
 Murcia:0 "Murcia"
 Alsace:0 "Alsace"
 West_Virginia:0 "West Virginia"
 Bukhara:0 "Bukhara"
 Djizaks:0 "Djizaks"
 Samarkand:0 "Samarkand"
 Tashkent:0 "Tashkent"
 Tenasserim:0 "Tenasserim"
 Uralsk:0 "Uralsk"
 Beyneu:0 "Beyneu"
 Jirem:0 "Jirem"
 Ju_Ud:0 "Ju Ud"
 Xilin_Gol:0 "Xilin Gol"
 Ikh_Juu:0 "Ikh Juu"
 Hohhot:0 "Hohhot"
 Ulanqab:0 "Ulanqab"
 Almaty:0 "Almaty"
 Dzungaria:0 "Dzungaria"
 Tarim:0 "Tarim"
 Cambodia:0 "Cambodia"
 Khakassia:0 "Khakassia"
 Fezzan:0 "Fezzan"
 Somaliland:0 "Somaliland"
 Panama:0 "Panama"
 Te_Waipounamu:0 "Te Waipounamu"
 Kowno:0 "Kaunas"
 Schleswig-Holstein:0 "Schleswig-Holstein"
 Penza:0 "Penza"
 Abo:0 "Abo"
 Mogilev:0 "Mogilev"
 Tavastehus:0 "Tavastehus"
 Yelizavetpol:0 "Yelizavetpol"
 Gascogne:0 "Gascogne"
 Moskva:0 "Moskva"
 South_Africa:0 "South Africa"
 Tambov:0 "Tambov"
 Aquitaine:0 "Aquitaine"
 Pressburg:0 "Preßburg"
 Zhejiang:0 "Zhejiang"
 Siam:0 "Siam"
 Niederschlesien:0 "Niederschlesien"
 North_Carolina:0 "North Carolina"
 Andaman_and_Nicobar:0 "Andaman and Nicobar"
 Queensland:0 "Queensland"
 Buryat:0 "Buryat"
 Arabia_Petraea:0 "Arabia Petraea"
 Carnatic:0 "Carnatic"
 Alagoas_and_Sergipe:0 "Alagoas and Sergipe"
 Java:0 "Java"
 Agimere:0 "Agimere"
 Irkutsk:0 "Irkutsk"
 Yakutia:0 "Yakutia"
 Pernambuco:0 "Pernambuco"
 Sierra_de_Ecuador:0 "Sierra de Ecuador"
 New_Guinea:0 "New Guinea"
 Tver:0 "Tver"
 Kostroma:0 "Kostroma"
 Charkov:0 "Charkov"
 Vladimir:0 "Vladimir"
 Montenegro:0 "Montenegro"
 Mahren:0 "Mahren"
 Albania:0 "Albania"
 Terek:0 "Terek"
 Medea:0 "Medea"
 Navarre:0 "Navarre"
 Ceylon:0 "Ceylon"
 Granada:0 "Granada"
 Castille:0 "Castille"
 Niederosterreich:0 "Niederösterreich"
 Huaihua:0 "Huaihua"
 Changsha:0 "Changsha"
 Xiangtan:0 "Xiangtan"
 Hengyang:0 "Hengyang"
 Apulia:0 "Apulia"
 Alabama:0 "Alabama"
 Algarve:0 "Algarve"
 Kra:0 "Kra"
 Biskra:0 "Biskra"
 Ostgalizien:0 "Ostgalizien"
 Shanxi:0 "Shanxi"
 Western_Australia:0 "Western Australia"
 New_Brunswick:0 "New Brunswick"
 Hedjaz:0 "Hedjaz"
 Novosibirsk:0 "Novosibirsk"
 Guizhou:0 "Guizhou"
 Lisboa:0 "Lisboa"
 Gujarat:0 "Gujarat"
 Angola:0 "Angola"
 Alxa:0 "Alxa"
 Kansas:0 "Kansas"
 Parana:0 "Parana"
 Multan:0 "Multan"
 Minas_Gerais:0 "Minas Gerais"
 Oklahoma:0 "Oklahoma"
 Salta:0 "Salta"
 Kristiansand:0 "Kristiansand"
 Flanders:0 "Flanders"
 Michigan:0 "Michigan"
 Voiska_Donskova:0 "Voiska Donskova"
 Andorra:0 "Andorra"
 Funen:0 "Funen"
 Venezuela:0 "Venezuela"
 Hannover:0 "Hannover"
 Aragon:0 "Aragon"
 Beihai:0 "Beihai"
 Yulin:0 "Yulin"
 Nanning:0 "Nanning"
 Liuzhou:0 "Liuzhou"
 Guilin:0 "Guilin"
 Wuzhou:0 "Wuzhou"
 Ankara:0 "Ankara"
 Manitoba:0 "Manitoba"
 New_Britain:0 "New Britain"
 Dagestan:0 "Dagestan"
 Algerian_Sahara:0 "Algerian Sahara"
 Provence:0 "Provence"
 Jutland:0 "Jutland"
 Johore:0 "Johore"
 Barbaria:0 "Barbaria"
 Victoria:0 "Victoria"
 Quebec:0 "Québec"
 Eskisehir:0 "Eskisehir"
 Florida:0 "Florida"
 Sumatra:0 "Sumatra"
 Altay:0 "Altay"
 Sabah:0 "Sabah"
 Oman:0 "Oman"
 Khalkha:0 "Khalkha"
 Shaoguan:0 "Shaoguan"
 Huizhou:0 "Huizhou"
 Chaoshan:0 "Chaoshan"
 Meizhou:0 "Meizhou"
 Congo:0 "Congo"
 Sao_Paulo:0 "Sao Paulo"
 Mosul:0 "Mosul"
 Te_Ika-a-Maui:0 "Te Ika-a-Maui"
 Norrland:0 "Norrland"
 Mato_Grosso_do_Sul:0 "Mato Grosso do Sul"
 Preussen:0 "Ostpreußen"
 Pskov:0 "Pskov"
 Oberosterreich:0 "Oberösterreich"
 Brandenburg:0 "Brandenburg"
 Baleares:0 "Baleares"
 Indiana:0 "Indiana"
 Bukeyev:0 "Bukeyev"
 Damascus:0 "Damascus"
 Sjaelland:0 "Sjaelland"
 Catalonia:0 "Catalonia"
 Odenburg:0 "Odenburg"
 Drontheim:0 "Drontheim"
 Malta:0 "Malta"
 Nevada:0 "Nevada"
 Valencia:0 "Valencia"
 Berar:0 "Berar"
 Liaoning:0 "Liaoning"
 New_Jersey:0 "New Jersey"
 Gabes:0 "Gabes"
 Khanty-Mansi:0 "Khanty-Mansi"
 Sungkiang:0 "Sungkiang"
 Apure:0 "Apure"
 Oregon:0 "Oregon"
 Hsiang:0 "Hsiang"
 Cuba:0 "Cuba"
 Mali:0 "Mali"
 Tanzania:0 "Tanzania"
 Kandahar:0 "Kandahar"
 Karafuto:0 "Karafuto"
 Mozambique:0 "Mozambique"
 Uleaborg:0 "Uleaborg"
 Seistan:0 "Seistan"
 Munster:0 "Munster"
 Kursk:0 "Kursk"
 Podlaskie:0 "Siedlce"
 Makedonia:0 "Makedonia"
 Tula:0 "Tula"
 Bergen:0 "Bergen"
 Corsica:0 "Corsica"
 Konya:0 "Konya"
 Kentucky:0 "Kentucky"
 Perm:0 "Perm"
 Nusa_Tenggara:0 "Nusa Tenggara"
 Jiangsu:0 "Jiangsu"
 Shanghai:0 "Shanghai"
 Suzhou:0 "Suzhou"
 Taizhou:0 "Taizhou"
 Nantong:0 "Nantong"
 North_Luzon:0 "North Luzon"
 Nebraska:0 "Nebraska"
 Isan:0 "Isan"
 Minnesota:0 "Minnesota"
 Aysen:0 "Aysen"
 Epirus:0 "Epirus"
 Durango:0 "Durango"
 Ufa:0 "Ufa"
 Tbilisi:0 "Tbilisi"
 Orinoco:0 "Orinoco"
 South_Dakota:0 "South Dakota"
 Rio_de_Janeiro:0 "Rio de Janeiro"
 Valdivia:0 "Valdivia"
 Sonora:0 "Sonora"
 Smolensk:0 "Smolensk"
 New_South_Wales:0 "New South Wales"
 Olonets:0 "Olonets"
 Nizhny_Novgorod:0 "Nizhny Novgorod"
 West_Midlands:0 "West Midlands"
 Karnten:0 "Karnten"
 Arkhangelsk:0 "Arkhangelsk"
 Tirol:0 "Tirol"
 Georgia:0 "Georgia"
 Suez:0 "Suez"
 Wales:0 "Wales"
 Salzburg:0 "Salzburg"
 Novgorod:0 "Novgorod"
 Matrouh:0 "Matrouh"
 Woiwodina-Banat:0 "Woiwodina-Banat"
 California:0 "California"
 Chelyabinsk:0 "Chelyabinsk"
 Cairo:0 "Cairo"
 Sulawesi:0 "Sulawesi"
 Ezo:0 "Ezochi"
 Cordillera_Central:0 "Cordillera Central"
 Ogaden:0 "Ogaden"
 Hormuz:0 "Hormuz"
 Oberschlesien:0 "Oberschlesien"
 Pommern:0 "Pommern"
 Ulster:0 "Ulster"
 Holland:0 "Holland"
 Brabant:0 "Brabant"
 Thraki:0 "Thraki"
 Lahore:0 "Lahore"
 Gibraltar:0 "Gibraltar"
 East_Anglia:0 "East Anglia"
 Dauria:0 "Dauria"
 Travancore:0 "Travancore"
 Balgariya:0 "Balgariya"
 Uruguay:0 "Uruguay"
 Dali:0 "Dali"
 Labrador:0 "Labrador"
 Chahar:0 "Chahar"
 Para:0 "Para"
 Amazonas:0 "Amazonas"
 Nunavut:0 "Nunavut"
 Estland:0 "Estland"
 Vitebsk:0 "Vitebsk"
 Zakaspiya:0 "Transcaspia"
 Aktau:0 "Aktau"
 Karapalkastan:0 "Karapalkastan"
 Magdanly:0 "Magdanly"
 Mary:0 "Mary"
 Asgabat:0 "Asgabat"
 Plockie:0 "Płock"
 Krain:0 "Krain"
 Franken:0 "Franken"
 Erivan:0 "Erivan"
 Friuli:0 "Friuli"
 Okinawa:0 "Ryukyu"
 Ostschweiz:0 "Ostschweiz"
 Leon:0 "León"
 Guinea:0 "Guinea"
 Buenos_Aires:0 "Buenos Aires"
 Taiwan:0 "Taiwan"
 Madagascar:0 "Madagascar"
 South_Mindanao:0 "South Mindanao"
 New_Mexico:0 "New Mexico"
 Red_Sea:0 "Red Sea"
 Gambia:0 "Gambia"
 Yan'an:0 "Yan'an"
 Xi'an:0 "Xi'an"
 Kuopio:0 "Kuopio"
 Equatorial_Guinea:0 "Equatorial Guinea"
 Troppau:0 "Troppau"
 Posen:0 "Posen"
 Voronezh:0 "Voronezh"
 Baghdad:0 "Baghdad"
 Veneto:0 "Veneto"
 La_Mancha:0 "La Mancha"
 Mascara:0 "Mascara"
 Vermont:0 "Vermont"
 Beirut:0 "Beirut"
 Assam:0 "Assam"
 Sarawak:0 "Sarawak"
 Tobol:0 "Tobol"
 New_York:0 "New York"
 Erzeroum:0 "Erzeroum"
 Khurasan:0 "Khurasan"
 Chad:0 "Chad"
 Sikkim:0 "Sikkim"
 Chaco:0 "Chaco"
 nan:0 "Nan"
 Gabon:0 "Gabon"
 Plazas_de_Soberania:0 "Plazas de Soberanía"
 Trabzon:0 "Trabzon"
 Herat:0 "Herat"
 Bahar:0 "Bahar"
 Newfoundland:0 "Newfoundland"
 Jiangxi:0 "Jiangxi"
 Cordoba_Argentina:0 "Córdoba"
 Ngari:0 "Ngari"
 Qamdo:0 "Qamdo"
 Tsang:0 "Tsang"
 Lhasa:0 "Lhasa"
 Nova_Scotia:0 "Nova Scotia"
 Tuva:0 "Tuva"
 Hadramaut:0 "Hadramaut"
 La_Rioja:0 "La Rioja"
 Simbirsk:0 "Simbirsk"
 Namhan:0 "Namhan"
 Guinea-Bissau:0 "Guinea-Bissau"
 Stavropol:0 "Stavropol"
 Malwa:0 "Malwa"
 Haiti:0 "Haiti"
 Nice:0 "Nice"
 Tomsk:0 "Tomsk"
 Central_Africa:0 "Central Africa"
 Costa_Rica:0 "Costa Rica"
 Mysore:0 "Mysore"
 La_Pampa:0 "La Pampa"
 Beni_y_Pando:0 "Beni y Pando"
 Thuringen:0 "Thuringen"
 Vyatka:0 "Vyatka"
 Lorraine:0 "Lorraine"
 Hessen:0 "Hessen"
 Khiva:0 "Khiva"
 Golconda:0 "Golconda"
 Illinois:0 "Illinois"
 Yunnan:0 "Yunnan"
 Bechuanaland:0 "Bechuanaland"
 Syr-Darya:0 "Syr-Darya"
 Kenya:0 "Kenya"
 Heinola:0 "Heinola"
 Foix:0 "Foix"
 Vascongadas:0 "Vascongadas"
 Anhui:0 "Anhui"
 Tohoku:0 "Tohoku"
 Rio_Grande_do_Sul:0 "Rio Grande do Sul"
 Wuhu:0 "Wuhu"
 Alexandria:0 "Alexandria"
 Piaui:0 "Piaui"
 South_Luzon:0 "South Luzon"
 Issyk-Kul:0 "Issyk-Kul"
 Osh:0 "Osh"
 Somalia:0 "Somalia"
 Ghana:0 "Ghana"
 Westrobothnia:0 "Westrobothnia"
 Rovaniemi:0 "Rovaniemi"
 Murmansk:0 "Murmansk"
 Westgalizien:0 "Westgalizien"
 Campania:0 "Campania"
 Mississippi:0 "Mississippi"
 Lubelskie:0 "Lublin"
 Baden:0 "Baden"
 Fujian:0 "Fujian"
 Lazio:0 "Lazio"
 Kemerovo:0 "Kemerovo"
 Mazendran:0 "Mazendran"
 Nepal:0 "Nepal"
 Aswan:0 "Aswan"
 Turgai:0 "Turgai"
 Qatar:0 "Qatar"
 Goias:0 "Goias"
 Nejd:0 "Nejd"
 Ryazan:0 "Ryazan"
 Picardie:0 "Picardie"
 Yorkshire:0 "Yorkshire"
 Steiermark:0 "Steiermark"
 Westfalen:0 "Westfalen"
 Languedoc-Roussillon:0 "Languedoc-Roussillon"
 Nicaragua:0 "Nicaragua"
 Kutahya:0 "Kutahya"
 Henan:0 "Henan"
 Samoa:0 "Samoa"
 Wuchang:0 "Wuchang"
 Yichang:0 "Yichang"
 Jingzhou:0 "Jingzhou"
 Aleppo:0 "Aleppo"
 Ahkaf:0 "Ahkaf"
 Ontario:0 "Ontario"
 Paraguay:0 "Paraguay"
 Northern_Rhodesia:0 "Northern Zambesia"
 Central_Rhodesia:0 "Zambesia"
 Laos:0 "Laos"
 Fes-Meknes:0 "Fes-Meknes"
 Oberbayern:0 "Oberbayern"
 Sverdlovsk:0 "Sverdlovsk"
 Faroe:0 "Faroe"
 Senegal:0 "Senegal"
 Finnmark:0 "Finnmark"
 Nordland:0 "Nordland"
 Kaluga:0 "Kaluga"
 Chernigov:0 "Chernigov"
 Sandomierskie:0 "Sandomierz"
 Liberia:0 "Liberia"
 Tonkin:0 "Tonkin"
 Boyaca:0 "Boyaca"
 Guerrero:0 "Guerrero"
 Leinster:0 "Leinster"
 Central_Luzon:0 "Central Luzon"
 Occidental_Visayas:0 "Occidental Visayas"
 Cameroon:0 "Cameroon"
 San_Luis_Potosi:0 "San Luis Potosí"
 Rhein:0 "Rhein"
 Mecklenburg:0 "Mecklenburg"
 Wallonia:0 "Wallonia"
 East_Midlands:0 "East Midlands"
 Oriental_Visayas:0 "Oriental Visayas"
 Delhi:0 "Delhi"
 Alberta:0 "Alberta"
 La_Montana:0 "La Montana"
 Annam:0 "Annam"
 Saskatchewan:0 "Saskatchewan"
 Connaught:0 "Connaught"
 Bromberg:0 "Bromberg"
 Namibia:0 "Namibia"
 South_Carolina:0 "South Carolina"
 Akmolinsk:0 "Akmolinsk"
 Westschweiz:0 "Westschweiz"
 Cocos_Islands:0 "Cocos Islands"
 Malawi:0 "Malawi"
 Campeche:0 "Campeche"
 Mauritania:0 "Mauritania"
 Louisiana:0 "Louisiana"
 Quintana_Roo:0 "Quintana Roo"
 Gronland:0 "Gronland"
 Arizona:0 "Arizona"
 Chiapas:0 "Chiapas"
 Veracruz:0 "Veracruz"
 Vasa:0 "Vasa"
 Diyarbakir:0 "Diyarbakir"
 Emilia-Romagna:0 "Emilia-Romagna"
 Volhyn:0 "Volhyn"
 Vilno:0 "Vilno"
 Antung:0 "Antung"
 Kastamonu:0 "Kastamonu"
 Brzesc:0 "Brześć"
 Extremadura:0 "Extremadura"
 Norte_Chico:0 "Norte Chico"
 Niederbayern:0 "Niederbayern"
 Pommerellen:0 "Westpreußen"
 Jamaica:0 "Jamaica"
 Cayman_Islands:0 "Cayman Islands"
 Auvergne:0 "Auvergne"
 Tafilalt:0 "Tafilalt"
 Kamchatka:0 "Kamchatka"
 Agra:0 "Agra"
 Benin:0 "Benin"
 Weifang:0 "Weifang"
 Jinan:0 "Jinan"
 Linyi:0 "Linyi"
 Jining:0 "Jining"
 Dezhou:0 "Dezhou"
 Liaocheng:0 "Liaocheng"
 Yantai:0 "Yantai"
 Qingdao:0 "Qingdao"
 Mendoza_Argentina:0 "Mendoza Argentina"
 Chile_del_Sur:0 "Chile del Sur"
 Basrah:0 "Basrah"
 Mittelfranken:0 "Mittelfranken"
 Vancouver_Island:0 "Vancouver Island"
 Kyushu:0 "Kyushu"
 Poitou-Charentes:0 "Poitou-Charentes"
 Kuwait:0 "Kuwait"
 Baku:0 "Baku"
 Tierra_del_Fuego:0 "Tierra del Fuego"
 Gilbert_Islands:0 "Gilbert Islands"
 Omsk:0 "Omsk"
 Wisconsin:0 "Wisconsin"
 Skaneland:0 "Skåne"
 Orel:0 "Orel"
 Sachsen:0 "Sachsen"
 Paysandu:0 "Paysandu"
 Washington:0 "Washington"
 Guatemala:0 "Guatemala"
 Kerman:0 "Kerman"
 Poltava:0 "Poltava"
 Sardinia:0 "Sardinia"
 Maryland:0 "Maryland"
 Palau:0 "Palau"
 North_West_England:0 "North West England"
 Zanzibar:0 "Zanzibar"
 North_East_England:0 "North East England"
 Hudavendicar:0 "Hudavendicar"
 West_Kalimantan:0 "West Kalimantan"
 East_Kalimantan:0 "East Kalimantan"
 South_Kalimantan:0 "South Kalimantan"
 Tennessee:0 "Tennessee"
 Sind:0 "Sind"
 Lesotho:0 "Lesotho"
 Tarija_y_Chuquisaca:0 "Tarija y Chuquisaca"
 District_of_Columbia:0 "District of Columbia"
 Kansai:0 "Kansai"
 Schwaben:0 "Schwaben"
 Candeish:0 "Candeish"
 Shikoku:0 "Shikoku"
 Kashmir:0 "Kashmir"
 Oude:0 "Oude"
 San_Juan:0 "San Juan"
 Djibouti:0 "Djibouti"
 Chile_Central:0 "Chile Central"
 Atacama_de_Peru:0 "Atacama de Peru"
 Trinidad:0 "Trinidad"
 Barbados:0 "Barbados"
 Virgin_Islands:0 "Virgin Islands"
 Grenada:0 "Grenada"
 Curacao:0 "Curaçao"
 Lesser_Antilles:0 "Lesser Antilles"
 Dalmatia:0 "Dalmatia"
 Mazowieckie:0 "Mazowsze"
 Iowa:0 "Iowa"
 Cauca:0 "Cauca"
 Chubut:0 "Chubut"
 Uganda:0 "Uganda"
 Rio_Grande_do_Norte:0 "Rio Grande do Norte"
 Togo:0 "Togo"
 Valahia:0 "Valahia"
 Kanto:0 "Kanto"
 Oaxaca:0 "Oaxaca"
 Pattani:0 "Pattani"
 Neuquen:0 "Neuquen"
 Acapulco:0 "Acapulco"
 Mexico:0 "Mexico"
 Arkansas:0 "Arkansas"
 Mato_Grosso:0 "Mato Grosso"
 Baja_California:0 "Baja California"
 Santa_Cruz:0 "Santa Cruz"
 Burkina_Faso:0 "Burkina Faso"
 Sicily:0 "Sicily"
 Yaroslavl:0 "Yaroslavl"
 Champagne-Ardenne:0 "Champagne-Ardenne"
 Island:0 "Island"
 Maine:0 "Maine"
 Lucayan_Archipelago:0 "Lucayan Archipelago"
 Maluku:0 "Maluku"
 Ladakh:0 "Ladakh"
 Alaska:0 "Alaska"
 Saint-Laurent:0 "Saint-Laurent"
 Eritrea:0 "Eritrea"
 Kuban:0 "Kuban"
 Rio_Negro:0 "Rio Negro"
 Rondonia:0 "Rondonia"
 Tasmania:0 "Tasmania"
 Wurttemberg:0 "Wurttemberg"
 Georgia_and_Sandwich:0 "Georgia and Sandwich"
 Asturias:0 "Asturias"
 Egyptian_Sahara:0 "Egyptian Sahara"
 Azerbaijan:0 "Azerbaijan"
 Colorado:0 "Colorado"
 Azuay:0 "Azuay"
 Galicia:0 "Galicia"
 North_Mindanao:0 "North Mindanao"
 Virginia:0 "Virginia"
 Tabasco:0 "Tabasco"
 Chernomor:0 "Chernomor"
 Kelat:0 "Kelat"
 Potosi:0 "Potosí"
 Kerguelen:0 "Kerguelen"
 Palestine:0 "Palestine"
 Thessalia:0 "Thessalia"
 Fiji:0 "Fiji"
 Hainan:0 "Hainan"
 Leizhou:0 "Leizhou"
 Bahia:0 "Bahia"
 Kuril_islands:0 "Kuril islands"
 Vyborg:0 "Vyborg"
 Kunduz:0 "Kunduz"
 Badakhshan:0 "Badakhshan"
 Maranhao:0 "Maranhao"
 Goa:0 "Goa"
 Niedersachsen:0 "Niedersachsen"
 Srbija:0 "Srbija"
 Idaho:0 "Idaho"
 Abruzzi:0 "Abruzzi"
 Kokand:0 "Kokand"
 Dushanbe:0 "Dushanbe"
 Van:0 "Van"
 Caroline_Islands:0 "Caroline Islands"
 Yucatan:0 "Yucatan"
 Marshall_Islands:0 "Marshall Islands"
 Chubu:0 "Chubu"
 Ege_Adalari:0 "Ege Adalari"
 Christmas_Island:0 "Christmas Island"
 Suazi:0 "Suazi"
 La_Paz:0 "La Paz"
 Northwest_Territories:0 "Northwest Territories"
 North_Dakota:0 "North Dakota"
 Bretagne:0 "Bretagne"
 Pfalz:0 "Pfalz"
 Kars:0 "Kars"
 Sivas:0 "Sivas"
 Central_Portugal:0 "Central Portugal"
 Magallanes:0 "Magallanes"
 Macau:0 "Macau"
 Maoming:0 "Maoming"
 Zhaoqing:0 "Zhaoqing"
 Zhuhai:0 "Zhuhai"
 Guangzhou:0 "Guangzhou"
 Bialystok:0 "Białystok"
 Beijing:0 "Beijing"
 Oporto:0 "Oporto"
 Equatorial_Africa:0 "Equatorial Africa"
 Costa_de_Ecuador:0 "Costa de Ecuador"
 Kiev:0 "Kyiv"
 Zamboanga:0 "Zamboanga"
 Bering_Island:0 "Bering Island"
 Western_Sahara:0 "Western Sahara"
 Loreto:0 "Loreto"
 Taurida:0 "Taurida"
 Honduras:0 "Honduras"
 Hawaii:0 "Hawai'i"
 Paraiba:0 "Paraiba"
 Montana:0 "Montana"
 Espirito_Santo:0 "Espirito Santo"
 Kabul:0 "Kabul"
 Yemen:0 "Yemen"
 Liechtenstein:0 "Liechtenstein"
 Tahiti:0 "Tahiti"
 Tuscany:0 "Tuscany"
 Lan_Na:0 "Lan Na"
 Latgalia:0 "Latgalia"
 Canarias:0 "Canarias"
 Bourgogne:0 "Bourgogne"
 Guam:0 "Guam"
 Baoding:0 "Baoding"
 Cangzhou:0 "Cangzhou"
 Shijiazhuang:0 "Shijiazhuang"
 Rehe:0 "Rehe"
 Chaoyang:0 "Chaoyang"
 Tangshan:0 "Tangshan"
 Qinhuangdao:0 "Qinhuangdao"
 Kalgan:0 "Kalgan"
 Enshi:0 "Enshi"
 Changde:0 "Changde"
 Cayenne:0 "Cayenne"
 Suriname:0 "Suriname"
 Haute-Normandie:0 "Haute-Normandie"
 Basse-Normandie:0 "Basse-Normandie"
 Bitlis:0 "Bitlis"
 Amur:0 "Amur"
 Southern_Rhodesia:0 "Southern Zambesia"
 St_Pierre_and_Miquelon:0 "St Pierre and Miquelon"
 Kriti:0 "Kriti"
 Ohio:0 "Ohio"
 Dalian:0 "Dalian"
 Galapagos_Islands:0 "Galapagos Islands"
 Massachusetts:0 "Massachusetts"
 South_East_England:0 "South East England"
 Connecticut:0 "Connecticut"
 Sierra_Leone:0 "Sierra Leone"
 Dobruja:0 "Dobruja"
 Tucuman:0 "Tucumán"
 Essex:0 "Essex"
 Franche-Comte:0 "Franche-Comté"
 Mesopotamia:0 "Mesopotamia"
 Nord-Pas-de-Calais:0 "Nord-Pas-de-Calais"
 Rapa_Nui:0 "Rapa Nui"
 Kurland:0 "Kurland"
 Salvador:0 "Salvador"
 Rwanda:0 "Rwanda"
 Ceara:0 "Ceará"
 Cundinamarca:0 "Cundinamarca"
 Friesland:0 "Friesland"
 Minarora:0 "Minarora"
 Ghilan:0 "Ghilan"
 Bosna:0 "Bosna"
 Missouri:0 "Missouri"
 Aland_Islands:0 "Åland Islands"
 Norte_Grande:0 "Norte Grande"
 Trucial_States:0 "Trucial States"
 Yukon:0 "Yukon"
 Bornholm:0 "Bornholm"
 Devon_and_Cornwall:0 "Devon and Cornwall"
 Kypros:0 "Kypros"
 Wessex:0 "Wessex"
 Guadalajara:0 "Guadalajara"
 Limousin:0 "Limousin"
 Tocantins:0 "Tocantins"
 Gilgit-Baltistan:0 "Gilgit-Baltistan"
 Luxembourg:0 "Luxembourg"
 Basilicata:0 "Basilicata"
 Kherson:0 "Kherson"
 Ile-de-France:0 "Île-de-France"
 Roraima:0 "Roraima"
 Bessarabia:0 "Bessarabia"
 Adana:0 "Adana"
 Moldova:0 "Moldova"
 Pennsylvania:0 "Pennsylvania"
 Podolia:0 "Podolia"
 Siebenburgen:0 "Siebenbürgen"
 Touraine-et-Berry:0 "Touraine-et-Berry"
 Attu:0 "Attu"
 Tuvalu:0 "Tuvalu"
 Line_Islands:0 "Line Islands"
 Midway:0 "Midway"
 Tokelau:0 "Tokelau"
 Nouvelle-Caledonie:0 "Nouvelle-Caledonie"
 Tunisia:0 "Tunisia"
 Wake:0 "Wake"
 Khuzestan:0 "Khuzestan"
 Gotland:0 "Gotland"
 Nauru:0 "Nauru"
 Marcus_Island:0 "Marcus Island"
 Iwo_Jima:0 "Iwo Jima"
 Chagos:0 "Chagos"
 Reunion:0 "Reunion"
 Saint_Helena:0 "Saint Helena"
 Cape_Verde:0 "Cape Verde"
 Ascension:0 "Ascension"
 Croatia:0 "Croatia"
 Bermuda:0 "Bermuda"
 Madrid:0 "Madrid"
 Marche:0 "Marche"
 Umbria:0 "Umbria"
 Bougainville_Island:0 "Bougainville"
 Orleans:0 "Orleans"
 Falkland_Islands:0 "Falkland Islands"
 Rhode_Island:0 "Rhode Island"
 Mugla:0 "Mugla"
 Puerto_Rico:0 "Puerto Rico"
 Krakow:0 "Kraków"
 Kaliskie:0 "Kalisz"
 Liguria:0 "Liguria"
 Belize:0 "Belize"
 New_Hampshire:0 "New Hampshire"
 Pays_de_la_Loire:0 "Pays de la Loire"
 Livadia:0 "Livadia"
 Santa_Catarina:0 "Santa Catarina"
 Acre:0 "Acre"
 Grosswardein:0 "Grosswardein"
 Morea:0 "Morea"
 Burundi:0 "Burundi"
 La_Puebla:0 "La Puebla"
 Provincia_de_Santa_Cruz:0 "Provincia de Santa Cruz"
 San_Marino:0 "San Marino"
 Azores:0 "Açores"
 Vanuatu:0 "Vanuatu"
 Guyana:0 "Guyana"
 Calabria:0 "Calabria"
 Bukowina:0 "Bukowina"
 Pest-Ofen:0 "Pest-Ofen"
 Konstantiniyye:0 "Istanbul"
 Monyul:0 "Monyul"
 Amazonas_de_Ecuador:0 "Amazonas de Ecuador"
 Brunei:0 "Brunei"
 Oruro:0 "Oruro"
 Turks_and_Caicos:0 "Turks and Caicos"
 Madeira:0 "Madeira"
 Amapa:0 "Amapá"
 Constantine:0 "Constantine"
 Mariana_Islands:0 "Mariana Islands"
 Comoro_Islands:0 "Comoros"
 Bahrain:0 "Bahrain"
 Algiers:0 "Algiers"
 Seychelles:0 "Seychelles"
 Delaware:0 "Delaware"
 Maldives:0 "Maldives"
 Chukotka:0 "Chukotka"
 Johnston_Atoll:0 "Johnston Atoll"
 Mauritius:0 "Mauritius"
 Sao_Tome_e_Principe:0 "São Tomé and Príncipe"
 Bay_of_Bengal:0 "South Burma"
 Burma:0 "North Burma"
 Western_Cape:0 "West Cape"
 Northern_Cape:0 "North Cape"
 Eastern_Cape:0 "East Cape"
 Lourenzo_Marques:0 "Lourenzo Marques"
 North_Mozambique:0 "Cabo Delgado"
 Angola_Area:0 "Angola"
 Congo_Basin:0 "Congo Basin"
 Lake_Victoria:0 "Lake Victoria"