spare_state = {
    areas = {
        spare_state
    }
}
patched_state = {
    areas = {
        patched_state
    }
}
Balochistan = {
    areas = {
        Balochistan
    }
}
Khuzestan = {
    areas = {
        Khuzestan
    }
}
Teheran = {
    areas = {
        Irakadjemi
		Mazendran
    }
}
Visiapour = {
    areas = {
        Visiapour
    }
}
Sankt-Petersburg = {
    areas = {
        Sankt-Petersburg
		Novgorod
		Olonets
		Arkhangelsk
		Pskov
    }
}
state_558 = {
    areas = {
        state_558
    }
}
Aggerhuus = {
    areas = {
        Aggerhuus
    }
}
Lombardy = {
    areas = {
        Lombardy
		Veneto
		Friuli
    }
}
Czechia = {
    areas = {
        Bohmen
		Mahren
		Troppau
    }
}
Piemonte = {
    areas = {
        Piemonte
    }
}
Libya = {
    areas = {
        Cyrenaica
		Fezzan
		Tripolitania
    }
}
Burma = {
    areas = {
        Burma
		Pegu
		Tenasserim
		Arakan
    }
}
Kazan = {
    areas = {
        Astrakhan
		Uralsk
		Turgai
		Bukeyev
		Orenburg
		Akmolinsk
		Semipalatinsk
		Kazan
		Samara
		Saratov
		Penza
		Simbirsk
		Vyatka
		Perm
    }
}
Bukhan = {
    areas = {
        Bukhan
    }
}
Amednagur = {
    areas = {
        Amednagur
    }
}
Salomon_Islands = {
    areas = {
        Salomon_Islands
    }
}
British_Columbia = {
    areas = {
        British_Columbia
    }
}
Chugoku = {
    areas = {
        Chugoku
    }
}
Sudan = {
    areas = {
        Sudan
    }
}
Orissa = {
    areas = {
        Orissa
    }
}
Bengal = {
    areas = {
        Bengal
    }
}
Papua_New_Guinea = {
    areas = {
        Papua_New_Guinea
    }
}
Chongqing = {
    areas = {
        Chongqing
    }
}
Gansu = {
    areas = {
        Gansu
    }
}
Venezuela = {
    areas = {
        Zulia
		Venezuela
		Apure
		Orinoco
    }
}
Allahabad = {
    areas = {
        Allahabad
    }
}
Isfahan = {
    areas = {
        Fars
		Hormuz
    }
}
Moscow = {
    areas = {
        Vologda
		Kostroma
		Yaroslavl
		Tver
		Vladimir
		Nizhny_Novgorod
		Moskva
		Smolensk
		Kaluga
		Tula
		Ryazan
		Tambov
		Orel
		Voronezh
    }
}
Sachsen-Anhalt = {
    areas = {
        Sachsen-Anhalt
    }
}
Heligoland = {
    areas = {
        Heligoland
    }
}
Minsk = {
    areas = {
        Minsk
		Grodno
		Mogilev
		Vitebsk
    }
}
Horn_of_Africa = {
    areas = {
        Abyssinia
		Eritrea
		Djibouti
		Somaliland
		Somalia
    }
}
Andalusia = {
    areas = {
        Seville
		Granada
    }
}
Scotland = {
    areas = {
        Highlands
		Lowlands
    }
}
Murcia = {
    areas = {
        Murcia
    }
}
Nei_Mongol = {
    areas = {
        Nei_Mongol
    }
}
Xinjiang = {
    areas = {
        Xinjiang
    }
}
Cambodia = {
    areas = {
        Cambodia
    }
}
Sichuan = {
    areas = {
        Sichuan
    }
}
Central_America = {
    areas = {
        Panama
		Costa_Rica
		Nicaragua
		Honduras
		Salvador
		Guatemala
		Belize
    }
}
New_Zealand = {
    areas = {
		Te_Ika-a-Maui
        Te_Waipounamu
		
    }
}
Schleswig-Holstein = {
    areas = {
        Schleswig-Holstein
    }
}
Zhejian = {
    areas = {
        Zhejian
    }
}
Siam = {
    areas = {
        Siam
		Kra
		Isan
		Lan_Na
    }
}
Silesia = {
    areas = {
        Niederschlesien
		Oberschlesien
    }
}
Andaman_and_Nicobar = {
    areas = {
        Andaman_and_Nicobar
    }
}
Australia = {
    areas = {
        Queensland
		New_South_Wales
		Victoria
		Tasmania
		South_Australia
		Northern_Territory
		Western_Australia
    }
}
Carnatic = {
    areas = {
        Carnatic
    }
}
Agimere = {
    areas = {
        Agimere
    }
}
Siberia = {
    areas = {
        Yakutia
		Zabaykal
		Buryat
		Irkutsk
		Krasnoyarsk
		Tomsk
		Novosibirsk
		Altay
		Kemerovo
		Khakassia
		Tuva
    }
}
Indonesia = {
    areas = {
        New_Guinea
		Maluku
		Sulawesi
		Nusa_Tenggara
		Java
		Kaliman
		West_Kaliman
		Sumatra
    }
}
Albania = {
    areas = {
        Albania
    }
}
Old_Castille = {
    areas = {
        Castille
		Leon
		Asturias
    }
}
Hunan = {
    areas = {
        Hunan
    }
}
Apulia = {
    areas = {
        Apulia
    }
}
Algarve = {
    areas = {
        Algarve
    }
}
Shanxi = {
    areas = {
        Shanxi
    }
}
Guizhou = {
    areas = {
        Guizhou
    }
}
Lisboa = {
    areas = {
        Lisboa
    }
}
Gujarat = {
    areas = {
        Gujarat
    }
}
Central_Africa = {
    areas = {
        Angola
		Congo
		Equatorial_Africa
		Gabon
		Equatorial_Guinea
		Central_Africa
		Cameroon
    }
}
Alxa = {
    areas = {
        Alxa
    }
}
Regiao_Sul = {
    areas = {
        Parana
		Santa_Catarina
		Rio_Grande_do_Sul
    }
}
Multan = {
    areas = {
        Multan
    }
}
Regiao_Sudeste = {
    areas = {
        Minas_Gerais
		Espirito_Santo
		Rio_de_Janeiro
		Sao_Paulo
    }
}
Kristiansand = {
    areas = {
        Kristiansand
    }
}
Luxembourg = {
    areas = {
        Luxembourg
    }
}
Liechtenstein = {
    areas = {
        Liechtenstein
    }
}
Belgium = {
    areas = {
        Flanders
		Wallonia
    }
}
Great_Lakes = {
    areas = {
        Michigan
		Minnesota
		Wisconsin
		Indiana
		Ohio
    }
}
Voiska_Donskova = {
    areas = {
        Voiska_Donskova
    }
}
Hannover = {
    areas = {
        Hannover
    }
}
Aragon = {
    areas = {
        Aragon
    }
}
South_Guangxi = {
    areas = {
        South_Guangxi
    }
}
South_Africa = {
    areas = {
        South_Africa
		Lesotho
		Suazi
		Namibia
		Bechuanaland
		Southern_Rhodesia
		Mozambique
		Malawi
		Northern_Rhodesia
    }
}
Anatolia = {
    areas = {
        Ankara
		Eskisehir
		Konya
		Sivas
		
    }
}
New_Britain = {
    areas = {
        New_Britain
    }
}
Provence = {
    areas = {
        Provence
		Nice
    }
}
Denmark = {
    areas = {
        Jutland
		Funen
		Sjaelland
		Bornholm
    }
}
Johore = {
    areas = {
        Johore
    }
}
Quebec = {
    areas = {
        Quebec
		Saint-Laurent
    }
}
South = {
    areas = {
        Florida
		Georgia
		Alabama
		Mississippi
		Louisiana
		Texas
		Arkansas
    }
}
Sabah = {
    areas = {
        Sabah
    }
}
Monggol_Ulus = {
    areas = {
        Monggol_Ulus
    }
}
East_Guangdong = {
    areas = {
        East_Guangdong
    }
}
Norrland = {
    areas = {
        state_715
		state_461
    }
}
Prussia = {
    areas = {
        Preussen
		Pommerellen
    }
}
Austria = {
    areas = {
        Oberosterreich
		Niederosterreich
		Steiermark
		Karnten
		Salzburg
		Tirol
    }
}
Brandenburg = {
    areas = {
        Brandenburg
    }
}
Baleares = {
    areas = {
        Baleares
    }
}
Catalonia = {
    areas = {
        Catalonia
    }
}
Hungary = {
    areas = {
        Odenburg
		Pressburg
		Kaschau
		Pest-Ofen
		Grosswardein
    }
}
Malta = {
    areas = {
        Malta
    }
}
Great_Basin = {
    areas = {
        Nevada
		Utah
    }
}
Valencia = {
    areas = {
        Valencia
    }
}
Berar = {
    areas = {
        Berar
    }
}
Liaoning = {
    areas = {
        Liaoning
    }
}
Meckley = {
    areas = {
        Meckley
    }
}
Qinghai = {
    areas = {
        Qinghai
    }
}
Cascadia = {
    areas = {
        Oregon
		Washington
    }
}
Manchuria = {
    areas = {
        Hsiang
		Heilongjiang
		Sungkiang
    }
}
Caribbean = {
    areas = {
        Cuba
		Lucayan_Archipelago
		Haiti
		Jamaica
		Dominicana
		Lesser_Antilles
		Turks_and_Caicos
    }
}
Karafuto = {
    areas = {
        Karafuto
    }
}
Afghanistan = {
    areas = {
        Seistan
		Kelat
		Kandahar
		Kabul
		Kunduz
		Herat
    }
}
Gotaland = {
    areas = {
        state_436
		state_470
		state_512
    }
}
Vestlandet = {
    areas = {
        Bergen
		Drontheim
    }
}
Corse = {
    areas = {
        Corse
    }
}
Shanghai = {
    areas = {
        Shanghai
    }
}
Jiangsu = {
    areas = {
        Jiangsu
    }
}
North_Luzon = {
    areas = {
        North_Luzon
    }
}
Northern_Mexico = {
    areas = {
        Sonora
		Durango
		San_Luis_Potosi
    }
}
Midlands = {
    areas = {
        West_Midlands
		East_Midlands
    }
}
Egypt = {
    areas = {
        Suez
		Alexandria
		Matrouh
		Egyptian_Sahara
		Cairo
		Aswan
		Red_Sea
    }
}
Wales = {
    areas = {
        Wales
    }
}
Woiwodina-Banat = {
    areas = {
        Woiwodina-Banat
    }
}
California = {
    areas = {
        California
    }
}
Ezo = {
    areas = {
        Ezo
    }
}
Peru = {
    areas = {
        Costa_de_Peru
		Cordillera_Central
		Atacama_de_Peru
    }
}
Pomerania = {
    areas = {
        Pommern
    }
}
Lahore = {
    areas = {
        Lahore
    }
}
Gibraltar = {
    areas = {
        Gibraltar
    }
}
Travancore = {
    areas = {
        Travancore
    }
}
Bulgaria = {
    areas = {
        Balgariya
		Dobruja
    }
}
Uruguay = {
    areas = {
        Uruguay
		Paysandu
    }
}
Dali = {
    areas = {
        Dali
    }
}
Atlantic_Provinces = {
    areas = {
        Labrador
		Newfoundland
		New_Brunswick
		Nova_Scotia
    }
}
Chahar = {
    areas = {
        Chahar
    }
}
Amazonas = {
    areas = {
        Amazonas
		Roraima
		Amapa
		Para
		Rondonia
		Acre
		Azuay
		Loreto
		La_Montana
    }
}
Baltics = {
    areas = {
        Estland
		Livland
		Kurland
		Latgalia
		Kowno
		Vilno
    }
}
Franken = {
    areas = {
        Franken
    }
}
North_Guangxi = {
    areas = {
        North_Guangxi
    }
}
Okinawa = {
    areas = {
        Okinawa
    }
}
Ceylon = {
    areas = {
        Ceylon
    }
}
Pampas = {
    areas = {
        Buenos_Aires
		La_Pampa
		Santa_Fe
    }
}
Taiwan = {
    areas = {
        Taiwan
    }
}
Madagascar = {
    areas = {
        Madagascar
    }
}
South_Mindanao = {
    areas = {
        South_Mindanao
    }
}
Gambia = {
    areas = {
        Gambia
    }
}
Shaanxi = {
    areas = {
        Shaanxi
    }
}
Posen= {
    areas = {
        Posen
		Bromberg
    }
}
Sarawak = {
    areas = {
        Sarawak
    }
}
Ural = {
    areas = {
        Tobol
		Ufa
		Khanty-Mansi
		Tyumen
		Omsk
		Sverdlovsk
		Chelyabinsk
    }
}
Mid-Atlantic = {
    areas = {
        New_York
		Pennsylvania
		New_Jersey
		Maryland
		Delaware
    }
}
Eastern_Anatolia = {
    areas = {
        Erzeroum
		Diyarbakir
		Bitlis
		Van
    }
}
Mashhad = {
    areas = {
        Khurasan
		Kerman
    }
}
Chaco = {
    areas = {
        Chaco
    }
}
nan = {
    areas = {
        nan
    }
}
Morocco = {
    areas = {
        Plazas_de_Soberania
		Fes-Meknes
		Tafilalt
		Western_Sahara
    }
}
Bahar = {
    areas = {
        Bahar
    }
}
Jiangxi = {
    areas = {
        Jiangxi
    }
}
Tibet = {
    areas = {
        Tibet
    }
}
Region_Noroeste = {
    areas = {
        La_Rioja
		Tucuman
		Salta
    }
}
Namhan = {
    areas = {
        Namhan
    }
}
Malwa = {
    areas = {
        Malwa
    }
}
Mysore = {
    areas = {
        Mysore
    }
}
Bolivia = {
    areas = {
        Beni_y_Pando
		Santa_Cruz
		La_Paz
		Oruro
		Potosi
		Tarija_y_Chuquisaca
    }
}
Thuringen = {
    areas = {
        Thuringen
    }
}
Hessen = {
    areas = {
        Hessen
    }
}
Golconda = {
    areas = {
        Golconda
    }
}
Yunnan = {
    areas = {
        Yunnan
    }
}
Turkestan = {
    areas = {
        Syr-Darya
		Khiva
		Zakaspiya
		Bukhara
		Tajikistan
		Kyrgyzstan
    }
}
Zanzibar = {
    areas = {
        Zanzibar
    }
}
Lake_Victoria = {
    areas = {
        Kenya
		Uganda
		Rwanda
		Burundi
		Tanzania
    }
}
Occitanie = {
    areas = {
        Foix
		Gascogne
		Languedoc-Roussillon
    }
}
Basconia = {
    areas = {
        Vascongadas
		Navarre
    }
}
Anhui = {
    areas = {
        Anhui
    }
}
Tohoku = {
    areas = {
        Tohoku
    }
}
Wuhu = {
    areas = {
        Wuhu
    }
}
Northeast = {
    areas = {
        Piaui
		Bahia
		Alagoas_and_Sergipe
		Pernambuco
		Tocantins
		Maranhao
		Ceara
		Rio_Grande_do_Norte
		Paraiba
    }
}
South_Luzon = {
    areas = {
        South_Luzon
    }
}
Galicia = {
    areas = {
        Westgalizien
		Ostgalizien
		Bukowina
		Krakau
    }
}
Campania = {
    areas = {
        Campania
    }
}
Baden-Wurttemberg = {
    areas = {
        Baden
		Wurttemberg
    }
}
Fujian = {
    areas = {
        Fujian
    }
}
Lazio = {
    areas = {
        Lazio
    }
}
Regiao_Centro_Oeste = {
    areas = {
        Goias
		Mato_Grosso
		Mato_Grosso_do_Sul
    }
}
Arabia = {
    areas = {
        Nejd
		Hedjaz
		Ahkaf
		Yemen
		Hadramaut
		Oman
		Trucial_States
		Qatar
		Bahrain
    }
}
Picardie = {
    areas = {
        Picardie
    }
}
Westfalen = {
    areas = {
        Westfalen
    }
}
Henan = {
    areas = {
        Henan
    }
}
Samoa = {
    areas = {
        Samoa
    }
}
Hubei = {
    areas = {
        Hubei
    }
}
Ontario = {
    areas = {
        Ontario
    }
}
Paraguay = {
    areas = {
        Paraguay
    }
}
Laos = {
    areas = {
        Laos
    }
}
Bavaria = {
    areas = {
        Oberbayern
		Niederbayern
		Schwaben
		Mittelfranken
    }
}
Faroe = {
    areas = {
        Faroe
    }
}
Nordland = {
    areas = {
        Nordland
		Finmark
    }
}
Montenegro = {
    areas = {
        Montenegro
    }
}
Ireland = {
    areas = {
        Leinster
		Munster
		Connaught
		Ulster
    }
}
East_Zhili = {
    areas = {
        East_Zhili
    }
}
Central_Luzon = {
    areas = {
        Central_Luzon
    }
}
Occidental_Visayas = {
    areas = {
        Occidental_Visayas
    }
}
Sahel = {
    areas = {
        Chad
		Niger
		Mali
		Mauritania
    }
}
Atlantic_Coast = {
    areas = {
		Nigeria
		Burkina_Faso
		Benin
		Togo
		Ghana
		Ivory_Coast
		Liberia
		Guinea
		Sierra_Leone
		Guinea-Bissau
		Senegal
    }
}
Rheinland-Pfalz = {
    areas = {
        Rhein
		Pfalz
    }
}
Mecklenburg = {
    areas = {
        Mecklenburg
    }
}
Oriental_Visayas = {
    areas = {
        Oriental_Visayas
    }
}
Delhi = {
    areas = {
        Delhi
    }
}
Praire_Provinces = {
    areas = {
        Alberta
		Saskatchewan
		Manitoba
    }
}
Vietnam = {
    areas = {
        Annam
		Tonkin
    }
}
Switzerland = {
    areas = {
        Westschweiz
		Ostschweiz
    }
}
Cocos_Islands = {
    areas = {
        Cocos_Islands
    }
}
Gronland = {
    areas = {
        Gronland
    }
}
Southwest = {
    areas = {
        Arizona
		New_Mexico
    }
}
Emilia-Romagna = {
    areas = {
        Emilia-Romagna
    }
}
Antung = {
    areas = {
        Antung
    }
}
Black_Sea = {
    areas = {
        Kastamonu
		Trabzon
    }
}
Extremadura = {
    areas = {
        Extremadura
    }
}
Auvergne-Rhone-Alpes = {
    areas = {
        Auvergne
		Rhone-Alpes
		Savoy
    }
}
Agra = {
    areas = {
        Agra
    }
}
Shandong = {
    areas = {
        Shandong
    }
}
Cuyo = {
    areas = {
        Mendoza_Argentina
		Cordoba_Argentina
		San_Juan
    }
}
Mesopotamia = {
    areas = {
        Basrah
		Kuwait
		Bagdad
		Mosil
		Aleppo
    }
}
Vancouver_Island = {
    areas = {
        Vancouver_Island
    }
}
Kyushu = {
    areas = {
        Kyushu
    }
}
Nouvelle-Aquitaine = {
    areas = {
        Poitou-Charentes
		Limousin
		Aquitaine
    }
}
Patagonia = {
    areas = {
        Tierra_del_Fuego
		Magallanes
		Provincia_de_Santa_Cruz
		Aysen
		Chubut
		Valdivia
		Rio_Negro
		Neuquen
    }
}
Gilbert_Islands = {
    areas = {
        Gilbert_Islands
    }
}
Sachsen = {
    areas = {
        Sachsen
    }
}
state_98 = {
    areas = {
        state_98
    }
}
Sardinia = {
    areas = {
        Sardinia
    }
}
Palau = {
    areas = {
        Palau
    }
}
North = {
    areas = {
        North
		North_West
		Yorkshire
    }
}
Appalachia = {
    areas = {
        Tennessee
		Kentucky
		West_Virginia
    }
}
Sind = {
    areas = {
        Sind
    }
}
District_of_Columbia = {
    areas = {
        District_of_Columbia
    }
}
Kansai = {
    areas = {
        Kansai
    }
}
Candeish = {
    areas = {
        Candeish
    }
}
Shikoku = {
    areas = {
        Shikoku
    }
}
Oude = {
    areas = {
        Oude
    }
}
Colombia = {
    areas = {
        Cauca
		Cundinamarca
		Boyaca
		Magdalena
    }
}
Valahia = {
    areas = {
        Valahia
    }
}
Kanto = {
    areas = {
        Kanto
    }
}
Pacific_Coast = {
    areas = {
        Oaxaca
		Guerrero
		Guadalajara
		Acapulco
    }
}
Pattani = {
    areas = {
        Pattani
    }
}
Central_Mexico = {
    areas = {
        Mexico
		Veracruz
		La_Puebla		
    }
}
Baja_California = {
    areas = {
        Baja_California
    }
}
Sicily = {
    areas = {
        Sicily
    }
}
Grand_Est = {
    areas = {
        Champagne-Ardenne
		Lorraine
		Alsace
    }
}
Island = {
    areas = {
        Island
    }
}
Alaska = {
    areas = {
        Alaska
    }
}
state_123 = {
    areas = {
        state_123
    }
}
Georgia_and_Sandwich = {
    areas = {
        Georgia_and_Sandwich
    }
}
Tabriz = {
    areas = {
        Azerbijan
		Ghilan
    }
}
Galicia = {
    areas = {
        Galicia
    }
}
North_Mindanao = {
    areas = {
        North_Mindanao
    }
}
Southeast = {
    areas = {
        Virginia
		North_Carolina
		South_Carolina
    }
}
Yucatan_Peninsula = {
    areas = {
        Tabasco
		Chiapas
		Campeche
		Quintana_Roo
		Yucatan
    }
}
Caucasus = {
    areas = {
        Chernomor
		Kuban
		Stavropol
		Terek
		Kutaisi
		Tbilisi
		Dagestan
		Baku
		Yelizavetpol
		Erivan
		Kars
    }
}
Kerguelen = {
    areas = {
        Kerguelen
    }
}
Levant = {
    areas = {
        Palestine
		Arabia_Petraea
		Damascus
		Beirut
		Adana
    }
}
Cyprus = {
    areas = {
		Kypros
    }
}
Fiji = {
    areas = {
        Fiji
    }
}
Hainan = {
    areas = {
        Hainan
    }
}
Kuril_islands = {
    areas = {
        Kuril_islands
    }
}
Finland = {
    areas = {
        Vyborg
		Heinola
		Tavastehus
		Abo
		Vasa
		Kuopio
		Uleaborg
    }
}
Goa = {
    areas = {
        Goa
    }
}
Niedersachsen = {
    areas = {
        Niedersachsen
    }
}
Serbia = {
    areas = {
        Srbija
    }
}
Rocky_Mountains = {
    areas = {
        Idaho
		Montana
		Wyoming
		Colorado
    }
}
Abruzzi = {
    areas = {
        Abruzzi
    }
}
Micronesia = {
    areas = {
        Micronesia
    }
}
Marshall_Islands = {
    areas = {
        Marshall_Islands
    }
}
Chubu = {
    areas = {
        Chubu
    }
}
Crete = {
    areas = {
		Kriti
    }
}
Greece = {
    areas = {
        Ege_Adalari
		Morea
		Livadia
		Thessalia
		Epirus
		Makedonia
		
    }
}
Christmas_Island = {
    areas = {
        Christmas_Island
    }
}
Macau = {
    areas = {
        Macau
    }
}
Great_Plains = {
    areas = {
        North_Dakota
		South_Dakota
		Nebraska
		Kansas
		Oklahoma
    }
}
Bretagne = {
    areas = {
        Bretagne
    }
}
Central_Portugal = {
    areas = {
        Central_Portugal
    }
}
Beijing = {
    areas = {
        Beijing
    }
}
Oporto = {
    areas = {
        Oporto
    }
}
Ecuador = {
    areas = {
        Costa_de_Ecuador
		Sierra_de_Ecuador
		Amazonas_de_Ecuador
    }
}
Kiev = {
    areas = {
        Kiev
		Podolia
		Volhyn
		Poltava
		Charkov
		Kursk
		Chernigov
    }
}
Zamboanga = {
    areas = {
        Zamboanga
    }
}
Bering_Island = {
    areas = {
        Bering_Island
    }
}
Odessa = {
    areas = {
        Taurida
		Bessarabia
		Kherson
		Yekaterinoslav
    }
}
Hawaii = {
    areas = {
        Hawaii
    }
}
Zhanjiang = {
    areas = {
        Zhanjiang
    }
}
Tahiti = {
    areas = {
        Tahiti
    }
}
Tuscany = {
    areas = {
        Tuscany
    }
}
Gran_Canarias = {
    areas = {
        Gran_Canarias
    }
}
Bourgogne-Franche-Comte = {
    areas = {
        Bourgogne
		Franche-Comte
    }
}
Guam = {
    areas = {
        Guam
    }
}
Zhili = {
    areas = {
        Zhili
    }
}
West_Hubei = {
    areas = {
        West_Hubei
    }
}
Cayenne = {
    areas = {
        Cayenne
    }
}
Suriname = {
    areas = {
        Suriname
    }
}
Normandy = {
    areas = {
        Haute-Normandie
		Basse-Normandie
    }
}
West_Guangdong = {
    areas = {
        West_Guangdong
    }
}
St_Pierre_and_Miquelon = {
    areas = {
        St_Pierre_and_Miquelon
    }
}
Dalian = {
    areas = {
        Dalian
    }
}
Galapagos_Islands = {
    areas = {
        Galapagos_Islands
    }
}
South = {
    areas = {
        South_East
		South_West
		
    }
}
New_England = {
    areas = {
        Connecticut
		Rhode_Island
		Massachusetts
		New_Hampshire
		Vermont
		Maine
    }
}
London = {
    areas = {
        Essex
		West
		East_Anglia
    }
}
Mesopotamia = {
    areas = {
        Mesopotamia
    }
}
Nord-Pas-de-Calais = {
    areas = {
        Nord-Pas-de-Calais
    }
}
Pitcairn_Island = {
    areas = {
        Pitcairn_Island
    }
}
Holland = {
    areas = {
        Friesland
		Holland
		Brabant
    }
}
Minarora = {
    areas = {
        Minarora
    }
}
Bosnia = {
    areas = {
        Bosna
    }
}
Midwest = {
    areas = {
        Missouri
		Iowa
		Ilinois
		
    }
}
Aland_Islands = {
    areas = {
        Aland_Islands
    }
}
Chile = {
    areas = {
        Norte_Grande
		Norte_Chico
		Chile_Central
		Chile_del_Sur
    }
}
The_North = {
    areas = {
        Yukon
		Northwest_Territories
		Nunavut
    }
}
Himalayas = {
    areas = {
        Gilgit-Baltistan
		Kashmir
		Ladakh
		Nepal
		Sikkim
		Bhutan
		Assam
    }
}
Basilicata = {
    areas = {
        Basilicata
    }
}
Ile-de-France = {
    areas = {
        Ile-de-France
    }
}
Moldova = {
    areas = {
        Moldova
    }
}
Transylvania = {
    areas = {
        Siebenburgen
    }
}
Attu = {
    areas = {
        Attu
    }
}
Tuvalu = {
    areas = {
        Tuvalu
    }
}
Line_Islands = {
    areas = {
        Line_Islands
    }
}
Midway = {
    areas = {
        Midway
    }
}
Tokelau = {
    areas = {
        Tokelau
    }
}
Nouvelle-Caledonie = {
    areas = {
        Nouvelle-Caledonie
    }
}
Tunisia = {
    areas = {
        Tunisia
		Gabes
    }
}
Wake = {
    areas = {
        Wake
    }
}
Gotland = {
    areas = {
        Gotland
    }
}
Nauru = {
    areas = {
        Nauru
    }
}
Marcus_Island = {
    areas = {
        Marcus_Island
    }
}
Iwo_Jima = {
    areas = {
        Iwo_Jima
    }
}
Diego_Garcia = {
    areas = {
        Diego_Garcia
    }
}
state_542 = {
    areas = {
        state_542
    }
}
Reunion = {
    areas = {
        Reunion
    }
}
Saint_Helena = {
    areas = {
        Saint_Helena
    }
}
Cape_Verde = {
    areas = {
        Cape_Verde
    }
}
Georgetown = {
    areas = {
        Georgetown
    }
}
Slovenia = {
    areas = {
        Krain
    }
}
Croatia = {
    areas = {
        Kroatien
		Dalmatien
    }
}
Bermuda = {
    areas = {
        Bermuda
    }
}
New_Castille = {
    areas = {
        Madrid
		La_Mancha
    }
}
Marche = {
    areas = {
        Marche
    }
}
Bougainville_Island = {
    areas = {
        Bougainville_Island
    }
}
state_408 = {
    areas = {
        state_408
    }
}
Val_de_Loire = {
    areas = {
        Orleans
		Touraine-et-Berry
    }
}
Falkland_Islands = {
    areas = {
        Falkland_Islands
    }
}
Ya'an = {
    areas = {
        Ya'an
    }
}
Aegean = {
    areas = {
        Mugla
		Kutahya
    }
}
Warsaw = {
    areas = {
        Krakowskie
		Sandomierskie
		Lubelskie
		Podlaskie
		Mazowieckie
		Kaliskie
		Plockie
		Augustowskie
		Bialystok
		Chelm
    }
}
Qingdao = {
    areas = {
        Qingdao
    }
}
Liguria = {
    areas = {
        Liguria
    }
}
Pays_de_la_Loire = {
    areas = {
        Pays_de_la_Loire
    }
}
state_499 = {
    areas = {
        state_499
    }
}
San_Marino = {
    areas = {
        San_Marino
    }
}
Azores = {
    areas = {
        Azores
    }
}
Vanuatu = {
    areas = {
        Vanuatu
    }
}
Guyana = {
    areas = {
        Guyana
    }
}
Calabria = {
    areas = {
        Calabria
    }
}
Marmara = {
    areas = {
        Konstantiniyye
		Thraki
		Hudavendicar
    }
}
Brunei = {
    areas = {
        Brunei
    }
}
Madeira = {
    areas = {
        Madeira
    }
}
Algiers = {
    areas = {
        Constantine
		Algiers
		Mascara
		Medea
		Biskra
		Barbaria
		Algerian_Sahara
    }
}
Mariana_Islands = {
    areas = {
        Mariana_Islands
    }
}
Hong_Kong = {
    areas = {
        Hong_Kong
    }
}
Comoro_Islands = {
    areas = {
        Comoro_Islands
    }
}
Seychelles = {
    areas = {
        Seychelles
    }
}
Maldives = {
    areas = {
        Maldives
    }
}
Cisamur = {
    areas = {
        Chukotka
		Kamchatka
		Magadan
		Primorsk
		Amur
		Guanwai
    }
}
Johnston_Atoll = {
    areas = {
        Johnston_Atoll
    }
}
Mauritius = {
    areas = {
        Mauritius
    }
}
Sao_Tome_e_Principe = {
    areas = {
        Sao_Tome_e_Principe
    }
}
